1,10 Avery Street,Boston,US,"The Ritz-Carlton, Boston"
2,100 Soscol Ave,Napa,US,Best Western Plus Inn At The Vines
3,100 Soscol Ave,Napa,US,Best Western Plus Inn At The Vines
4,100 Soscol Ave,Napa,US,Best Western Plus Inn At The Vines
5,100 Soscol Ave,Napa,US,Best Western Plus Inn At The Vines
6,100 Soscol Ave,Napa,US,Best Western Plus Inn At The Vines
7,100 Soscol Ave,Napa,US,Best Western Plus Inn At The Vines
8,100 Soscol Ave,Napa,US,Best Western Plus Inn At The Vines
9,100 Soscol Ave,Napa,US,Best Western Plus Inn At The Vines
10,100 Soscol Ave,Napa,US,Best Western Plus Inn At The Vines
11,100 Soscol Ave,Napa,US,Best Western Plus Inn At The Vines
12,100 Soscol Ave,Napa,US,Best Western Plus Inn At The Vines
13,100 Soscol Ave,Napa,US,Best Western Plus Inn At The Vines
14,100 Soscol Ave,Napa,US,Best Western Plus Inn At The Vines
15,100 Soscol Ave,Napa,US,Best Western Plus Inn At The Vines
16,100 Soscol Ave,Napa,US,Best Western Plus Inn At The Vines
17,100 Soscol Ave,Napa,US,Best Western Plus Inn At The Vines
18,100 Soscol Ave,Napa,US,Best Western Plus Inn At The Vines
19,100 Soscol Ave,Napa,US,Best Western Plus Inn At The Vines
20,100 Soscol Ave,Napa,US,Best Western Plus Inn At The Vines
21,100 Soscol Ave,Napa,US,Best Western Plus Inn At The Vines
22,100 Soscol Ave,Napa,US,Best Western Plus Inn At The Vines
23,100 Soscol Ave,Napa,US,Best Western Plus Inn At The Vines
24,100 Soscol Ave,Napa,US,Best Western Plus Inn At The Vines
25,100 Soscol Ave,Napa,US,Best Western Plus Inn At The Vines
26,100 Soscol Ave,Napa,US,Best Western Plus Inn At The Vines
27,100 Soscol Ave,Napa,US,Best Western Plus Inn At The Vines
28,100 Soscol Ave,Napa,US,Best Western Plus Inn At The Vines
29,100 Soscol Ave,Napa,US,Best Western Plus Inn At The Vines
30,100 Soscol Ave,Napa,US,Best Western Plus Inn At The Vines
31,100 Soscol Ave,Napa,US,Best Western Plus Inn At The Vines
32,100 Soscol Ave,Napa,US,Best Western Plus Inn At The Vines
33,100 Soscol Ave,Napa,US,Best Western Plus Inn At The Vines
34,100 Soscol Ave,Napa,US,Best Western Plus Inn At The Vines
35,100 Soscol Ave,Napa,US,Best Western Plus Inn At The Vines
36,100 Soscol Ave,Napa,US,Best Western Plus Inn At The Vines
37,100 Soscol Ave,Napa,US,Best Western Plus Inn At The Vines
38,100 Soscol Ave,Napa,US,Best Western Plus Inn At The Vines
39,100 Soscol Ave,Napa,US,Best Western Plus Inn At The Vines
40,100 Soscol Ave,Napa,US,Best Western Plus Inn At The Vines
41,100 Soscol Ave,Napa,US,Best Western Plus Inn At The Vines
42,100 Soscol Ave,Napa,US,Best Western Plus Inn At The Vines
43,100 Soscol Ave,Napa,US,Best Western Plus Inn At The Vines
44,100 Soscol Ave,Napa,US,Best Western Plus Inn At The Vines
45,100 Soscol Ave,Napa,US,Best Western Plus Inn At The Vines
46,100 Soscol Ave,Napa,US,Best Western Plus Inn At The Vines
47,100 Soscol Ave,Napa,US,Best Western Plus Inn At The Vines
48,100 Soscol Ave,Napa,US,Best Western Plus Inn At The Vines
49,100 Soscol Ave,Napa,US,Best Western Plus Inn At The Vines
50,100 Soscol Ave,Napa,US,Best Western Plus Inn At The Vines
51,100 Soscol Ave,Napa,US,Best Western Plus Inn At The Vines
52,100 Soscol Ave,Napa,US,Best Western Plus Inn At The Vines
53,100 Soscol Ave,Napa,US,Best Western Plus Inn At The Vines
54,100 Soscol Ave,Napa,US,Best Western Plus Inn At The Vines
55,100 Soscol Ave,Napa,US,Best Western Plus Inn At The Vines
56,100 Soscol Ave,Napa,US,Best Western Plus Inn At The Vines
57,100 Soscol Ave,Napa,US,Best Western Plus Inn At The Vines
58,100 Soscol Ave,Napa,US,Best Western Plus Inn At The Vines
59,100 Soscol Ave,Napa,US,Best Western Plus Inn At The Vines
60,100 Soscol Ave,Napa,US,Best Western Plus Inn At The Vines
61,100 Soscol Ave,Napa,US,Best Western Plus Inn At The Vines
62,100 Soscol Ave,Napa,US,Best Western Plus Inn At The Vines
63,100 Soscol Ave,Napa,US,Best Western Plus Inn At The Vines
64,100 Soscol Ave,Napa,US,Best Western Plus Inn At The Vines
65,100 Soscol Ave,Napa,US,Best Western Plus Inn At The Vines
66,100 Soscol Ave,Napa,US,Best Western Plus Inn At The Vines
67,100 Soscol Ave,Napa,US,Best Western Plus Inn At The Vines
68,100 Soscol Ave,Napa,US,Best Western Plus Inn At The Vines
69,100 Soscol Ave,Napa,US,Best Western Plus Inn At The Vines
70,100 Soscol Ave,Napa,US,Best Western Plus Inn At The Vines
71,100 Soscol Ave,Napa,US,Best Western Plus Inn At The Vines
72,100 Soscol Ave,Napa,US,Best Western Plus Inn At The Vines
73,100 Soscol Ave,Napa,US,Best Western Plus Inn At The Vines
74,100 Soscol Ave,Napa,US,Best Western Plus Inn At The Vines
75,100 Soscol Ave,Napa,US,Best Western Plus Inn At The Vines
76,100 Stuart Street,Boston,US,W Boston
77,100 Stuart Street,Boston,US,W Boston
78,100 Stuart Street,Boston,US,W Boston
79,100 Stuart Street,Boston,US,W Boston
80,100 Stuart Street,Boston,US,W Boston
81,100 Stuart Street,Boston,US,W Boston
82,100 Stuart Street,Boston,US,W Boston
83,100 Stuart Street,Boston,US,W Boston
84,100 Stuart Street,Boston,US,W Boston
85,100 Stuart Street,Boston,US,W Boston
86,100 Stuart Street,Boston,US,W Boston
87,100 Stuart Street,Boston,US,W Boston
88,100 Stuart Street,Boston,US,W Boston
89,100 Stuart Street,Boston,US,W Boston
90,100 Stuart Street,Boston,US,W Boston
91,100 Stuart Street,Boston,US,W Boston
92,100 Stuart Street,Boston,US,W Boston
93,100 Stuart Street,Boston,US,W Boston
94,100 Stuart Street,Boston,US,W Boston
95,100 Stuart Street,Boston,US,W Boston
96,100 Stuart Street,Boston,US,W Boston
97,100 Stuart Street,Boston,US,W Boston
98,100 Stuart Street,Boston,US,W Boston
99,100 Stuart Street,Boston,US,W Boston
100,100 Stuart Street,Boston,US,W Boston
